nDCG,Recall,collection,count
"[0.0, 0.0, 0.0]","[0.0, 0.0, 0.0]",mt-rag-ibmcloud-elser-512-100-20240502,2
"[0.5, 0.23464, 0.23464]","[0.16667, 0.16667, 0.16667]",mt-rag-govt-elser-512-100-20240611,2
"[0.0, 0.0, 0.0]","[0.0, 0.0, 0.0]",mt-rag-fiqa-beir-elser-512-100-20240501,2
"[0.0, 0.0, 0.0]","[0.0, 0.0, 0.0]",mt-rag-clapnq-elser-512-100-20240503,2
"[0.125, 0.05866, 0.05866]","[0.0416675, 0.0416675, 0.0416675]",all,8
