nDCG,Recall,collection,count
"[0.5, 0.30657, 0.30657]","[0.25, 0.25, 0.25]",mt-rag-govt-elser-512-100-20240611,2
"[0.57143, 0.43157, 0.43349]","[0.20238, 0.36905, 0.41667]",mt-rag-clapnq-elser-512-100-20240503,8
"[0.557144, 0.40657, 0.40810599999999997]","[0.211904, 0.34524, 0.383336]",all,10
