nDCG,Recall,collection,count
"[0.0, 0.31546, 0.31546]","[0.0, 0.5, 0.5]",mt-rag-fiqa-beir-elser-512-100-20240501,2
"[0.0, 0.0, 0.0]","[0.0, 0.0, 0.0]",mt-rag-ibmcloud-elser-512-100-20240502,2
"[0.0, 0.0, 0.10105]","[0.0, 0.0, 0.16667]",mt-rag-clapnq-elser-512-100-20240503,2
"[0.0, 0.0, 0.0]","[0.0, 0.0, 0.0]",mt-rag-govt-elser-512-100-20240611,2
"[0.0, 0.078865, 0.10412750000000001]","[0.0, 0.125, 0.1666675]",all,8
