nDCG,Recall,collection,count
"[0.5, 0.35196, 0.35196]","[0.16667, 0.33333, 0.33333]",mt-rag-govt-elser-512-100-20240611,2
"[0.0, 0.0, 0.0]","[0.0, 0.0, 0.0]",mt-rag-ibmcloud-elser-512-100-20240502,2
"[0.0, 0.31546, 0.31546]","[0.0, 0.5, 0.5]",mt-rag-fiqa-beir-elser-512-100-20240501,2
"[0.0, 0.11732, 0.11732]","[0.0, 0.16667, 0.16667]",mt-rag-clapnq-elser-512-100-20240503,2
"[0.125, 0.196185, 0.196185]","[0.0416675, 0.25, 0.25]",all,8
