nDCG,Recall,collection,count
"[0.0, 0.0, 0.0]","[0.0, 0.0, 0.0]",mt-rag-fiqa-beir-elser-512-100-20240501,2
"[0.0, 0.0, 0.0]","[0.0, 0.0, 0.0]",mt-rag-ibmcloud-elser-512-100-20240502,2
"[0.0, 0.0, 0.0]","[0.0, 0.0, 0.0]",mt-rag-clapnq-elser-512-100-20240503,2
"[0.5, 0.45986, 0.59189]","[0.25, 0.5, 0.75]",mt-rag-govt-elser-512-100-20240611,2
"[0.125, 0.114965, 0.1479725]","[0.0625, 0.125, 0.1875]",all,8
