nDCG,Recall,collection,count
"[0.25, 0.25052, 0.25773]","[0.12708, 0.23333, 0.26667]",mt-rag-govt-elser-512-100-20240611,16
"[0.0625, 0.0625, 0.0625]","[0.0625, 0.0625, 0.0625]",mt-rag-fiqa-beir-elser-512-100-20240501,16
"[0.3125, 0.29797, 0.32658]","[0.16667, 0.27604, 0.34896]",mt-rag-clapnq-elser-512-100-20240503,16
"[0.0625, 0.10193, 0.11844]","[0.03125, 0.125, 0.15625]",mt-rag-ibmcloud-elser-512-100-20240502,16
"[0.171875, 0.17823, 0.1913125]","[0.096875, 0.17421750000000003, 0.208595]",all,64
