nDCG,Recall,collection,count
"[0.0, 0.03943, 0.03943]","[0.0, 0.0625, 0.0625]",mt-rag-fiqa-beir-elser-512-100-20240501,16
"[0.3125, 0.33284, 0.35611]","[0.15104, 0.3125, 0.39062]",mt-rag-clapnq-elser-512-100-20240503,16
"[0.0625, 0.10193, 0.10193]","[0.03125, 0.125, 0.125]",mt-rag-ibmcloud-elser-512-100-20240502,16
"[0.3125, 0.29849, 0.29436]","[0.15833, 0.28542, 0.29792]",mt-rag-govt-elser-512-100-20240611,16
"[0.171875, 0.19317250000000002, 0.1979575]","[0.08515500000000001, 0.196355, 0.21900999999999998]",all,64
